OBJECT_NAME,OBJECT_ID,EPOCH,MEAN_MOTION,ECCENTRICITY,INCLINATION,RA_OF_ASC_NODE,ARG_OF_PERICENTER,MEAN_ANOMALY,EPHEMERIS_TYPE,CLASSIFICATION_TYPE,NORAD_CAT_ID,ELEMENT_SET_NO,REV_AT_EPOCH,BSTAR,MEAN_MOTION_DOT,MEAN_MOTION_DDOT
SPACEMOBILE-003,2024-163A,2026-10-07T01:57:38.814336,15.20401652,.00074629,52.9738,154.9977,90.3133,269.8716,0,U,61045,999,11479,.21353812E-4,.144E-5,0
SPACEMOBILE-005,2024-163B,2026-10-07T01:35:25.993248,15.20439957,.00109179,52.9765,155.0769,86.7562,273.4681,0,U,61046,999,11478,.23647266E-3,.4906E-4,0
SPACEMOBILE-001,2024-163C,2026-10-07T01:33:42.991488,15.20442006,.00088532,52.9717,154.7519,92.0945,268.1063,0,U,61047,999,11478,.50541748E-4,.789E-5,0
SPACEMOBILE-002,2024-163D,2026-10-06T22:01:57.607968,15.20418049,.00078936,52.9712,155.5147,90.4266,269.7632,0,U,61048,999,11476,.69141313E-3,.14981E-3,0
SPACEMOBILE-004,2024-163E,2026-10-06T23:10:34.733856,15.20419629,.00091697,52.9714,155.0448,116.8925,243.3007,0,U,61049,999,11477,.45352178E-3,.9709E-4,0
SPACEMOBILE-001 DEB,2024-163F,2026-10-06T23:35:20.061312,15.36686685,.00083514,52.9922,113.3379,150.7925,209.3545,0,U,62369,999,10368,.19077344E-3,.6558E-4,0
SPACEMOBILE-002 DEB,2024-163G,2026-10-07T07:10:54.267744,15.46821816,.00066488,52.9396,89.9181,181.2580,178.8409,0,U,62370,999,11569,.37995759E-3,.19002E-3,0
SPACEMOBILE-003 DEB,2024-163H,2026-10-06T17:54:48.992832,15.44425851,.00081711,52.9675,101.1044,146.9918,213.1598,0,U,62371,999,10910,.38685718E-3,.17809E-3,0
SPACEMOBILE-004 DEB,2024-163J,2026-10-06T21:29:52.616832,15.42737670,.00054323,52.9832,100.9143,156.7787,203.3463,0,U,62372,999,11218,.27350425E-3,.11743E-3,0
SPACEMOBILE-005 DEB,2024-163K,2026-10-06T23:28:21.093024,15.36016851,.00084016,52.9727,118.5036,136.4273,223.7393,0,U,62373,999,11529,.22641366E-3,.7685E-4,0
SPACEMOBILE-006,2025-309A,2026-10-07T01:04:00.955200,15.18971649,.00121752,52.9940,179.1113,115.4717,244.7537,0,U,67232,999,4359,.62860972E-4,.1008E-4,0
SPACEMOBILE-008,2026-139A,2026-10-06T23:36:05.005728,15.13031900,.00025885,52.9940,114.9277,326.4301,33.6526,0,U,69589,999,1690,.51102837E-4,.613E-5,0
SPACEMOBILE-009,2026-139B,2026-10-06T23:47:14.680032,15.12926821,.00027381,52.9932,114.9625,318.1578,41.9203,0,U,69590,999,1690,.51593685E-4,.619E-5,0
SPACEMOBILE-010,2026-139C,2026-10-06T20:53:27.613536,15.12786405,.00026886,52.9938,115.6385,302.2427,57.8303,0,U,69591,999,1689,.62708769E-4,.813E-5,0
SPACEMOBILE-013,2026-179A,2026-10-07T08:03:58.669344,15.13181478,.00065376,52.9973,41.8377,151.7144,208.4204,0,U,100240,999,954,.88636224E-4,.1289E-4,0
SPACEMOBILE-012,2026-179B,2026-10-07T07:53:54.701376,15.13346921,.00065609,52.9969,41.7907,157.9913,202.1361,0,U,100241,999,954,.7546972E-4,.1058E-4,0
SPACEMOBILE-011,2026-179C,2026-10-06T17:33:57.864672,15.13370846,.00060475,52.9976,44.4806,158.0707,202.0544,0,U,100242,999,945,.63686946E-4,.846E-5,0
